timestamp,level,session,event,message
"2025-12-26 17:16:33,587",WARNING,554d6bae,LOG_CLEAR,User cleared the log file.
"2025-12-26 17:16:47,627",INFO,554d6bae,APP_EXIT,Application closed by user.
"2025-12-26 17:19:25,566",INFO,e4c996d5,AUTH_SUCCESS,PIN login success (attempt 1).
"2025-12-26 17:19:25,634",INFO,e4c996d5,APP_START,Application started. SESSION=e4c996d5
"2025-12-26 17:19:40,027",INFO,e4c996d5,FILE_OPEN,Opened file: C:/Users/User/cg.txt
"2025-12-26 17:19:56,538",INFO,e4c996d5,FILE_SAVE,Saved file: C:/Users/User/cg.txt
"2025-12-26 17:19:56,539",INFO,e4c996d5,EDITOR_CLEARED_AFTER_SAVE,Editor cleared automatically after save.
"2025-12-26 17:20:36,418",WARNING,e4c996d5,ERROR_TEST,Forcing division by zero.
"2025-12-26 17:20:36,421",ERROR,e4c996d5,TRIGGERED_ERROR,division by zero
,,,,Traceback (most recent call last):
,,,,"  File ""D:\Projects\app.py"", line 659, in trigger_error"
,,,,    _ = 10 / 0
,,,,        ~~~^~~
,,,,ZeroDivisionError: division by zero
